Event ID,Municipal Ticket ID,Defect Type,Category,AI Confidence,Severity Level,Multi-Bus Verifications,Primary Reporting Bus,Transit Route,Latitude,Longitude,Assigned Department,Resolution Status,Estimated Cost (INR),Required PWD Action,Evidence Photo,Detected UTC Timestamp
EVT-20260922133832-5409,PWD-2026-WDA8,POTHOLE,Road Defect,85.0%,High,1,BUS-WEBCAM-LIVE,ROUTE-LIVE-01,12.973551,77.59653,Public Works Department (PWD) - Road Maintenance Division,DISPATCHED_TO_CONTRACTOR,₹4500,Cold-mix asphalt patching and compaction required.,webcam_1790084312_waterlogging.jpg,2026-09-22T13:38:32.814488+00:00
EVT-20260922133832-8238,PWD-2026-1NSX,POTHOLE,Road Defect,85.0%,High,1,BUS-WEBCAM-LIVE,ROUTE-LIVE-01,12.974584,77.597064,Public Works Department (PWD) - Road Maintenance Division,DISPATCHED_TO_CONTRACTOR,₹4500,Cold-mix asphalt patching and compaction required.,webcam_1790084312_pothole.jpg,2026-09-22T13:38:32.786600+00:00
EVT-20260922133832-5719,PWD-2026-5FM4,POTHOLE,Road Defect,85.0%,High,1,BUS-WEBCAM-LIVE,ROUTE-LIVE-01,12.970423,77.592384,Public Works Department (PWD) - Road Maintenance Division,DISPATCHED_TO_CONTRACTOR,₹4500,Cold-mix asphalt patching and compaction required.,webcam_1790084312_waterlogging.jpg,2026-09-22T13:38:32.397426+00:00
EVT-20260922133832-7183,PWD-2026-BGEO,POTHOLE,Road Defect,85.0%,High,1,BUS-WEBCAM-LIVE,ROUTE-LIVE-01,12.969323,77.592503,Public Works Department (PWD) - Road Maintenance Division,DISPATCHED_TO_CONTRACTOR,₹4500,Cold-mix asphalt patching and compaction required.,webcam_1790084312_pothole.jpg,2026-09-22T13:38:32.386643+00:00
EVT-20260922133832-2561,PWD-2026-IXO6,POTHOLE,Road Defect,85.0%,High,1,BUS-WEBCAM-LIVE,ROUTE-LIVE-01,12.969857,77.593343,Public Works Department (PWD) - Road Maintenance Division,DISPATCHED_TO_CONTRACTOR,₹4500,Cold-mix asphalt patching and compaction required.,webcam_1790084312_pothole.jpg,2026-09-22T13:38:32.375629+00:00
EVT-20260922133831-4810,PWD-2026-2HF0,POTHOLE,Road Defect,85.0%,High,1,BUS-WEBCAM-LIVE,ROUTE-LIVE-01,12.97289,77.596337,Public Works Department (PWD) - Road Maintenance Division,DISPATCHED_TO_CONTRACTOR,₹4500,Cold-mix asphalt patching and compaction required.,webcam_1790084311_pothole.jpg,2026-09-22T13:38:31.966897+00:00
EVT-20260922133831-5667,PWD-2026-9FLU,POTHOLE,Road Defect,85.0%,High,1,BUS-WEBCAM-LIVE,ROUTE-LIVE-01,12.969728,77.594376,Public Works Department (PWD) - Road Maintenance Division,DISPATCHED_TO_CONTRACTOR,₹4500,Cold-mix asphalt patching and compaction required.,webcam_1790084311_pothole.jpg,2026-09-22T13:38:31.958847+00:00
EVT-20260922133831-3930,PWD-2026-2EKH,POTHOLE,Road Defect,85.0%,High,1,BUS-WEBCAM-LIVE,ROUTE-LIVE-01,12.971104,77.59599,Public Works Department (PWD) - Road Maintenance Division,DISPATCHED_TO_CONTRACTOR,₹4500,Cold-mix asphalt patching and compaction required.,webcam_1790084311_waterlogging.jpg,2026-09-22T13:38:31.165364+00:00
EVT-20260922133831-7337,PWD-2026-ZHSH,POTHOLE,Road Defect,85.0%,High,1,BUS-WEBCAM-LIVE,ROUTE-LIVE-01,12.969128,77.592782,Public Works Department (PWD) - Road Maintenance Division,DISPATCHED_TO_CONTRACTOR,₹4500,Cold-mix asphalt patching and compaction required.,webcam_1790084311_waterlogging.jpg,2026-09-22T13:38:31.153170+00:00
EVT-20260922133831-4498,PWD-2026-NGDE,POTHOLE,Road Defect,85.0%,High,1,BUS-WEBCAM-LIVE,ROUTE-LIVE-01,12.972707,77.593941,Public Works Department (PWD) - Road Maintenance Division,DISPATCHED_TO_CONTRACTOR,₹4500,Cold-mix asphalt patching and compaction required.,webcam_1790084311_pothole.jpg,2026-09-22T13:38:31.142739+00:00
EVT-20260922133831-7100,PWD-2026-BAX1,POTHOLE,Road Defect,85.0%,High,1,BUS-WEBCAM-LIVE,ROUTE-LIVE-01,12.972953,77.593437,Public Works Department (PWD) - Road Maintenance Division,DISPATCHED_TO_CONTRACTOR,₹4500,Cold-mix asphalt patching and compaction required.,webcam_1790084311_pothole.jpg,2026-09-22T13:38:31.135672+00:00
EVT-20260922133830-6444,PWD-2026-I8YV,POTHOLE,Road Defect,85.0%,High,1,BUS-WEBCAM-LIVE,ROUTE-LIVE-01,12.972163,77.593701,Public Works Department (PWD) - Road Maintenance Division,DISPATCHED_TO_CONTRACTOR,₹4500,Cold-mix asphalt patching and compaction required.,webcam_1790084310_waterlogging.jpg,2026-09-22T13:38:30.740324+00:00
EVT-20260922133830-6674,PWD-2026-E5JS,POTHOLE,Road Defect,85.0%,High,1,BUS-WEBCAM-LIVE,ROUTE-LIVE-01,12.9721,77.591804,Public Works Department (PWD) - Road Maintenance Division,DISPATCHED_TO_CONTRACTOR,₹4500,Cold-mix asphalt patching and compaction required.,webcam_1790084310_pothole.jpg,2026-09-22T13:38:30.730563+00:00
EVT-20260922133830-4431,PWD-2026-A0U5,POTHOLE,Road Defect,85.0%,High,1,BUS-WEBCAM-LIVE,ROUTE-LIVE-01,12.969055,77.595167,Public Works Department (PWD) - Road Maintenance Division,DISPATCHED_TO_CONTRACTOR,₹4500,Cold-mix asphalt patching and compaction required.,webcam_1790084310_pothole.jpg,2026-09-22T13:38:30.324777+00:00
EVT-20260922133829-3235,PWD-2026-8Z2O,POTHOLE,Road Defect,85.0%,High,1,BUS-WEBCAM-LIVE,ROUTE-LIVE-01,12.97232,77.594366,Public Works Department (PWD) - Road Maintenance Division,DISPATCHED_TO_CONTRACTOR,₹4500,Cold-mix asphalt patching and compaction required.,webcam_1790084309_waterlogging.jpg,2026-09-22T13:38:29.919442+00:00
EVT-20260922133829-1912,PWD-2026-IYAD,POTHOLE,Road Defect,85.0%,High,1,BUS-WEBCAM-LIVE,ROUTE-LIVE-01,12.972017,77.595252,Public Works Department (PWD) - Road Maintenance Division,DISPATCHED_TO_CONTRACTOR,₹4500,Cold-mix asphalt patching and compaction required.,webcam_1790084309_pothole.jpg,2026-09-22T13:38:29.910936+00:00
EVT-20260922133829-6500,PWD-2026-FSNS,POTHOLE,Road Defect,85.0%,High,1,BUS-WEBCAM-LIVE,ROUTE-LIVE-01,12.970922,77.591911,Public Works Department (PWD) - Road Maintenance Division,DISPATCHED_TO_CONTRACTOR,₹4500,Cold-mix asphalt patching and compaction required.,webcam_1790084309_pothole.jpg,2026-09-22T13:38:29.490405+00:00
EVT-20260922133829-1110,PWD-2026-OWPJ,POTHOLE,Road Defect,85.0%,High,1,BUS-WEBCAM-LIVE,ROUTE-LIVE-01,12.972345,77.595651,Public Works Department (PWD) - Road Maintenance Division,DISPATCHED_TO_CONTRACTOR,₹4500,Cold-mix asphalt patching and compaction required.,webcam_1790084309_pothole.jpg,2026-09-22T13:38:29.478338+00:00
EVT-20260922133829-7664,PWD-2026-EVTL,POTHOLE,Road Defect,88.0%,High,2,BUS-WEBCAM-LIVE,ROUTE-LIVE-01,12.971629,77.59638,Public Works Department (PWD) - Road Maintenance Division,DISPATCHED_TO_CONTRACTOR,₹4500,Cold-mix asphalt patching and compaction required.,webcam_1790084309_pothole.jpg,2026-09-22T13:38:29.051537+00:00
EVT-20260922133828-4984,PWD-2026-UDNR,POTHOLE,Road Defect,85.0%,High,1,BUS-WEBCAM-LIVE,ROUTE-LIVE-01,12.973961,77.593439,Public Works Department (PWD) - Road Maintenance Division,DISPATCHED_TO_CONTRACTOR,₹4500,Cold-mix asphalt patching and compaction required.,webcam_1790084308_pothole.jpg,2026-09-22T13:38:28.635535+00:00
EVT-20260922133828-8243,PWD-2026-RKLH,POTHOLE,Road Defect,88.0%,High,2,BUS-WEBCAM-LIVE,ROUTE-LIVE-01,12.972911,77.597287,Public Works Department (PWD) - Road Maintenance Division,DISPATCHED_TO_CONTRACTOR,₹4500,Cold-mix asphalt patching and compaction required.,webcam_1790084308_pothole.jpg,2026-09-22T13:38:28.625785+00:00
EVT-20260922133827-8044,PWD-2026-MCH0,POTHOLE,Road Defect,88.0%,High,2,BUS-WEBCAM-LIVE,ROUTE-LIVE-01,12.973983,77.592884,Public Works Department (PWD) - Road Maintenance Division,DISPATCHED_TO_CONTRACTOR,₹4500,Cold-mix asphalt patching and compaction required.,webcam_1790084307_pothole.jpg,2026-09-22T13:38:27.824191+00:00
EVT-20260922133827-4650,PWD-2026-A54J,POTHOLE,Road Defect,85.0%,High,1,BUS-WEBCAM-LIVE,ROUTE-LIVE-01,12.968665,77.597062,Public Works Department (PWD) - Road Maintenance Division,DISPATCHED_TO_CONTRACTOR,₹4500,Cold-mix asphalt patching and compaction required.,webcam_1790084307_pothole.jpg,2026-09-22T13:38:27.816027+00:00
EVT-20260922133826-2100,PWD-2026-4ZUN,POTHOLE,Road Defect,85.0%,High,1,BUS-WEBCAM-LIVE,ROUTE-LIVE-01,12.969543,77.59603,Public Works Department (PWD) - Road Maintenance Division,DISPATCHED_TO_CONTRACTOR,₹4500,Cold-mix asphalt patching and compaction required.,webcam_1790084306_pothole.jpg,2026-09-22T13:38:26.998935+00:00
EVT-20260922133826-3677,PWD-2026-QMBS,POTHOLE,Road Defect,91.0%,High,3,BUS-WEBCAM-LIVE,ROUTE-LIVE-01,12.972488,77.595414,Public Works Department (PWD) - Road Maintenance Division,DISPATCHED_TO_CONTRACTOR,₹4500,Cold-mix asphalt patching and compaction required.,webcam_1790084306_pothole.jpg,2026-09-22T13:38:26.987964+00:00
EVT-20260922133826-5496,PWD-2026-ZRFH,POTHOLE,Road Defect,85.0%,High,1,BUS-WEBCAM-LIVE,ROUTE-LIVE-01,12.97296,77.595738,Public Works Department (PWD) - Road Maintenance Division,DISPATCHED_TO_CONTRACTOR,₹4500,Cold-mix asphalt patching and compaction required.,webcam_1790084306_waterlogging.jpg,2026-09-22T13:38:26.599508+00:00
EVT-20260922133826-3236,PWD-2026-YYWR,POTHOLE,Road Defect,85.0%,High,1,BUS-WEBCAM-LIVE,ROUTE-LIVE-01,12.973217,77.596897,Public Works Department (PWD) - Road Maintenance Division,DISPATCHED_TO_CONTRACTOR,₹4500,Cold-mix asphalt patching and compaction required.,webcam_1790084306_waterlogging.jpg,2026-09-22T13:38:26.194221+00:00
EVT-20260922133826-8258,PWD-2026-E14J,POTHOLE,Road Defect,88.0%,High,2,BUS-WEBCAM-LIVE,ROUTE-LIVE-01,12.973385,77.5953,Public Works Department (PWD) - Road Maintenance Division,DISPATCHED_TO_CONTRACTOR,₹4500,Cold-mix asphalt patching and compaction required.,webcam_1790084306_pothole.jpg,2026-09-22T13:38:26.181923+00:00
EVT-20260922133826-4783,PWD-2026-YOO5,POTHOLE,Road Defect,85.0%,High,1,BUS-WEBCAM-LIVE,ROUTE-LIVE-01,12.972347,77.596148,Public Works Department (PWD) - Road Maintenance Division,DISPATCHED_TO_CONTRACTOR,₹4500,Cold-mix asphalt patching and compaction required.,webcam_1790084306_pothole.jpg,2026-09-22T13:38:26.174574+00:00
EVT-20260922133825-3463,PWD-2026-G4DW,POTHOLE,Road Defect,85.0%,High,1,BUS-WEBCAM-LIVE,ROUTE-LIVE-01,12.972936,77.594735,Public Works Department (PWD) - Road Maintenance Division,DISPATCHED_TO_CONTRACTOR,₹4500,Cold-mix asphalt patching and compaction required.,webcam_1790084305_pothole.jpg,2026-09-22T13:38:25.778438+00:00
EVT-20260922133825-2180,PWD-2026-00GB,POTHOLE,Road Defect,85.0%,High,1,BUS-WEBCAM-LIVE,ROUTE-LIVE-01,12.969862,77.595713,Public Works Department (PWD) - Road Maintenance Division,DISPATCHED_TO_CONTRACTOR,₹4500,Cold-mix asphalt patching and compaction required.,webcam_1790084305_waterlogging.jpg,2026-09-22T13:38:25.370892+00:00
EVT-20260922133825-9869,PWD-2026-L2CQ,POTHOLE,Road Defect,85.0%,High,1,BUS-WEBCAM-LIVE,ROUTE-LIVE-01,12.972366,77.596684,Public Works Department (PWD) - Road Maintenance Division,DISPATCHED_TO_CONTRACTOR,₹4500,Cold-mix asphalt patching and compaction required.,webcam_1790084305_pothole.jpg,2026-09-22T13:38:25.361881+00:00
EVT-20260922133825-5397,PWD-2026-H1D4,POTHOLE,Road Defect,85.0%,High,1,BUS-WEBCAM-LIVE,ROUTE-LIVE-01,12.969865,77.592672,Public Works Department (PWD) - Road Maintenance Division,DISPATCHED_TO_CONTRACTOR,₹4500,Cold-mix asphalt patching and compaction required.,webcam_1790084305_pothole.jpg,2026-09-22T13:38:25.353668+00:00
EVT-20260922133824-2476,PWD-2026-4F09,POTHOLE,Road Defect,85.0%,High,1,BUS-WEBCAM-LIVE,ROUTE-LIVE-01,12.973142,77.591723,Public Works Department (PWD) - Road Maintenance Division,DISPATCHED_TO_CONTRACTOR,₹4500,Cold-mix asphalt patching and compaction required.,webcam_1790084304_waterlogging.jpg,2026-09-22T13:38:24.941960+00:00
EVT-20260922133824-1273,PWD-2026-8TLP,POTHOLE,Road Defect,85.0%,High,1,BUS-WEBCAM-LIVE,ROUTE-LIVE-01,12.97083,77.593981,Public Works Department (PWD) - Road Maintenance Division,DISPATCHED_TO_CONTRACTOR,₹4500,Cold-mix asphalt patching and compaction required.,webcam_1790084304_pothole.jpg,2026-09-22T13:38:24.920458+00:00
EVT-20260922133824-2864,PWD-2026-VD5P,POTHOLE,Road Defect,85.0%,High,1,BUS-WEBCAM-LIVE,ROUTE-LIVE-01,12.972746,77.592704,Public Works Department (PWD) - Road Maintenance Division,DISPATCHED_TO_CONTRACTOR,₹4500,Cold-mix asphalt patching and compaction required.,webcam_1790084304_pothole.jpg,2026-09-22T13:38:24.541985+00:00
EVT-20260922133824-5769,PWD-2026-53VR,POTHOLE,Road Defect,85.0%,High,1,BUS-WEBCAM-LIVE,ROUTE-LIVE-01,12.972512,77.597242,Public Works Department (PWD) - Road Maintenance Division,DISPATCHED_TO_CONTRACTOR,₹4500,Cold-mix asphalt patching and compaction required.,webcam_1790084304_pothole.jpg,2026-09-22T13:38:24.532326+00:00
EVT-20260922133824-9883,PWD-2026-JX2A,POTHOLE,Road Defect,85.0%,High,1,BUS-WEBCAM-LIVE,ROUTE-LIVE-01,12.97133,77.593463,Public Works Department (PWD) - Road Maintenance Division,DISPATCHED_TO_CONTRACTOR,₹4500,Cold-mix asphalt patching and compaction required.,webcam_1790084304_waterlogging.jpg,2026-09-22T13:38:24.136877+00:00
EVT-20260922133824-7185,PWD-2026-HSQI,POTHOLE,Road Defect,85.0%,High,1,BUS-WEBCAM-LIVE,ROUTE-LIVE-01,12.96911,77.596047,Public Works Department (PWD) - Road Maintenance Division,DISPATCHED_TO_CONTRACTOR,₹4500,Cold-mix asphalt patching and compaction required.,webcam_1790084304_pothole.jpg,2026-09-22T13:38:24.127788+00:00
EVT-20260922133824-6282,PWD-2026-3UFM,POTHOLE,Road Defect,91.0%,High,3,BUS-WEBCAM-LIVE,ROUTE-LIVE-01,12.97003,77.594118,Public Works Department (PWD) - Road Maintenance Division,DISPATCHED_TO_CONTRACTOR,₹4500,Cold-mix asphalt patching and compaction required.,webcam_1790084304_pothole.jpg,2026-09-22T13:38:24.118367+00:00
EVT-20260922133823-6356,PWD-2026-UJ36,POTHOLE,Road Defect,85.0%,High,1,BUS-WEBCAM-LIVE,ROUTE-LIVE-01,12.970368,77.594393,Public Works Department (PWD) - Road Maintenance Division,DISPATCHED_TO_CONTRACTOR,₹4500,Cold-mix asphalt patching and compaction required.,webcam_1790084303_waterlogging.jpg,2026-09-22T13:38:23.718615+00:00
EVT-20260922133823-7140,PWD-2026-9HY9,POTHOLE,Road Defect,88.0%,High,2,BUS-WEBCAM-LIVE,ROUTE-LIVE-01,12.974084,77.59311,Public Works Department (PWD) - Road Maintenance Division,DISPATCHED_TO_CONTRACTOR,₹4500,Cold-mix asphalt patching and compaction required.,webcam_1790084303_pothole.jpg,2026-09-22T13:38:23.706460+00:00
EVT-20260922133823-7464,PWD-2026-8RGC,POTHOLE,Road Defect,85.0%,High,1,BUS-WEBCAM-LIVE,ROUTE-LIVE-01,12.971172,77.592932,Public Works Department (PWD) - Road Maintenance Division,DISPATCHED_TO_CONTRACTOR,₹4500,Cold-mix asphalt patching and compaction required.,webcam_1790084303_pothole.jpg,2026-09-22T13:38:23.695041+00:00
EVT-20260922133823-5293,PWD-2026-IUHX,POTHOLE,Road Defect,85.0%,High,1,BUS-WEBCAM-LIVE,ROUTE-LIVE-01,12.97327,77.594103,Public Works Department (PWD) - Road Maintenance Division,DISPATCHED_TO_CONTRACTOR,₹4500,Cold-mix asphalt patching and compaction required.,webcam_1790084303_waterlogging.jpg,2026-09-22T13:38:23.292491+00:00
EVT-20260922133823-6473,PWD-2026-F034,POTHOLE,Road Defect,85.0%,High,1,BUS-WEBCAM-LIVE,ROUTE-LIVE-01,12.971399,77.595748,Public Works Department (PWD) - Road Maintenance Division,DISPATCHED_TO_CONTRACTOR,₹4500,Cold-mix asphalt patching and compaction required.,webcam_1790084303_pothole.jpg,2026-09-22T13:38:23.279134+00:00
EVT-20260922133823-9091,PWD-2026-ETVH,POTHOLE,Road Defect,88.0%,High,2,BUS-WEBCAM-LIVE,ROUTE-LIVE-01,12.973198,77.595786,Public Works Department (PWD) - Road Maintenance Division,DISPATCHED_TO_CONTRACTOR,₹4500,Cold-mix asphalt patching and compaction required.,webcam_1790084303_pothole.jpg,2026-09-22T13:38:23.269312+00:00
EVT-20260922133822-6270,PWD-2026-5345,POTHOLE,Road Defect,85.0%,High,1,BUS-WEBCAM-LIVE,ROUTE-LIVE-01,12.972907,77.592395,Public Works Department (PWD) - Road Maintenance Division,DISPATCHED_TO_CONTRACTOR,₹4500,Cold-mix asphalt patching and compaction required.,webcam_1790084302_waterlogging.jpg,2026-09-22T13:38:22.862834+00:00
EVT-20260922133822-4235,PWD-2026-Q4TZ,POTHOLE,Road Defect,88.0%,High,2,BUS-WEBCAM-LIVE,ROUTE-LIVE-01,12.969432,77.594403,Public Works Department (PWD) - Road Maintenance Division,DISPATCHED_TO_CONTRACTOR,₹4500,Cold-mix asphalt patching and compaction required.,webcam_1790084302_waterlogging.jpg,2026-09-22T13:38:22.853256+00:00
EVT-20260922133822-2047,PWD-2026-YLBE,POTHOLE,Road Defect,85.0%,High,1,BUS-WEBCAM-LIVE,ROUTE-LIVE-01,12.971448,77.596968,Public Works Department (PWD) - Road Maintenance Division,DISPATCHED_TO_CONTRACTOR,₹4500,Cold-mix asphalt patching and compaction required.,webcam_1790084302_pothole.jpg,2026-09-22T13:38:22.831500+00:00
EVT-20260922133822-3023,PWD-2026-527N,POTHOLE,Road Defect,88.0%,High,2,BUS-WEBCAM-LIVE,ROUTE-LIVE-01,12.974046,77.594687,Public Works Department (PWD) - Road Maintenance Division,DISPATCHED_TO_CONTRACTOR,₹4500,Cold-mix asphalt patching and compaction required.,webcam_1790084302_waterlogging.jpg,2026-09-22T13:38:22.449375+00:00
EVT-20260922133822-1047,PWD-2026-29L1,POTHOLE,Road Defect,85.0%,High,1,BUS-WEBCAM-LIVE,ROUTE-LIVE-01,12.96988,77.592413,Public Works Department (PWD) - Road Maintenance Division,DISPATCHED_TO_CONTRACTOR,₹4500,Cold-mix asphalt patching and compaction required.,webcam_1790084302_pothole.jpg,2026-09-22T13:38:22.437073+00:00
EVT-20260922133822-1165,PWD-2026-VG37,POTHOLE,Road Defect,85.0%,High,1,BUS-WEBCAM-LIVE,ROUTE-LIVE-01,12.972431,77.597507,Public Works Department (PWD) - Road Maintenance Division,DISPATCHED_TO_CONTRACTOR,₹4500,Cold-mix asphalt patching and compaction required.,webcam_1790084302_pothole.jpg,2026-09-22T13:38:22.424923+00:00
EVT-20260922133822-5304,PWD-2026-CTCX,POTHOLE,Road Defect,88.0%,High,2,BUS-WEBCAM-LIVE,ROUTE-LIVE-01,12.969387,77.595496,Public Works Department (PWD) - Road Maintenance Division,DISPATCHED_TO_CONTRACTOR,₹4500,Cold-mix asphalt patching and compaction required.,webcam_1790084302_waterlogging.jpg,2026-09-22T13:38:22.057246+00:00
EVT-20260922133822-6203,PWD-2026-GK36,POTHOLE,Road Defect,85.0%,High,1,BUS-WEBCAM-LIVE,ROUTE-LIVE-01,12.969549,77.596699,Public Works Department (PWD) - Road Maintenance Division,DISPATCHED_TO_CONTRACTOR,₹4500,Cold-mix asphalt patching and compaction required.,webcam_1790084302_waterlogging.jpg,2026-09-22T13:38:22.043776+00:00
EVT-20260922133822-3192,PWD-2026-N6U4,POTHOLE,Road Defect,88.0%,High,2,BUS-WEBCAM-LIVE,ROUTE-LIVE-01,12.973607,77.592723,Public Works Department (PWD) - Road Maintenance Division,DISPATCHED_TO_CONTRACTOR,₹4500,Cold-mix asphalt patching and compaction required.,webcam_1790084302_waterlogging.jpg,2026-09-22T13:38:22.029749+00:00
EVT-20260922133822-1265,PWD-2026-H536,POTHOLE,Road Defect,85.0%,High,1,BUS-WEBCAM-LIVE,ROUTE-LIVE-01,12.968952,77.594763,Public Works Department (PWD) - Road Maintenance Division,DISPATCHED_TO_CONTRACTOR,₹4500,Cold-mix asphalt patching and compaction required.,webcam_1790084301_pothole.jpg,2026-09-22T13:38:22.005958+00:00
EVT-20260922133821-6422,PWD-2026-9QPA,POTHOLE,Road Defect,85.0%,High,1,BUS-WEBCAM-LIVE,ROUTE-LIVE-01,12.971218,77.592594,Public Works Department (PWD) - Road Maintenance Division,DISPATCHED_TO_CONTRACTOR,₹4500,Cold-mix asphalt patching and compaction required.,webcam_1790084301_waterlogging.jpg,2026-09-22T13:38:21.644537+00:00
EVT-20260922133821-7798,PWD-2026-P3MX,POTHOLE,Road Defect,88.0%,High,2,BUS-WEBCAM-LIVE,ROUTE-LIVE-01,12.972593,77.595163,Public Works Department (PWD) - Road Maintenance Division,DISPATCHED_TO_CONTRACTOR,₹4500,Cold-mix asphalt patching and compaction required.,webcam_1790084301_pothole.jpg,2026-09-22T13:38:21.619007+00:00
EVT-20260922133821-9686,PWD-2026-V8T6,POTHOLE,Road Defect,88.0%,High,2,BUS-WEBCAM-LIVE,ROUTE-LIVE-01,12.96925,77.594703,Public Works Department (PWD) - Road Maintenance Division,DISPATCHED_TO_CONTRACTOR,₹4500,Cold-mix asphalt patching and compaction required.,webcam_1790084301_waterlogging.jpg,2026-09-22T13:38:21.194172+00:00
EVT-20260922133821-8788,PWD-2026-I3FI,POTHOLE,Road Defect,88.0%,High,2,BUS-WEBCAM-LIVE,ROUTE-LIVE-01,12.969401,77.59726,Public Works Department (PWD) - Road Maintenance Division,DISPATCHED_TO_CONTRACTOR,₹4500,Cold-mix asphalt patching and compaction required.,webcam_1790084301_pothole.jpg,2026-09-22T13:38:21.181235+00:00
EVT-20260922133820-5402,PWD-2026-YDJJ,POTHOLE,Road Defect,85.0%,High,1,BUS-WEBCAM-LIVE,ROUTE-LIVE-01,12.969551,77.592492,Public Works Department (PWD) - Road Maintenance Division,DISPATCHED_TO_CONTRACTOR,₹4500,Cold-mix asphalt patching and compaction required.,webcam_1790084300_pothole.jpg,2026-09-22T13:38:20.772214+00:00
EVT-20260922133820-9050,PWD-2026-31X2,POTHOLE,Road Defect,85.0%,High,1,BUS-WEBCAM-LIVE,ROUTE-LIVE-01,12.969187,77.596591,Public Works Department (PWD) - Road Maintenance Division,DISPATCHED_TO_CONTRACTOR,₹4500,Cold-mix asphalt patching and compaction required.,webcam_1790084300_pothole.jpg,2026-09-22T13:38:20.757375+00:00
EVT-20260922133820-2066,PWD-2026-EZ6P,POTHOLE,Road Defect,85.0%,High,1,BUS-WEBCAM-LIVE,ROUTE-LIVE-01,12.970187,77.592549,Public Works Department (PWD) - Road Maintenance Division,DISPATCHED_TO_CONTRACTOR,₹4500,Cold-mix asphalt patching and compaction required.,webcam_1790084300_waterlogging.jpg,2026-09-22T13:38:20.344633+00:00
EVT-20260922133820-7397,PWD-2026-I9A3,POTHOLE,Road Defect,88.0%,High,2,BUS-WEBCAM-LIVE,ROUTE-LIVE-01,12.97408,77.595433,Public Works Department (PWD) - Road Maintenance Division,DISPATCHED_TO_CONTRACTOR,₹4500,Cold-mix asphalt patching and compaction required.,webcam_1790084300_pothole.jpg,2026-09-22T13:38:20.333484+00:00
EVT-20260922133820-5709,PWD-2026-6F1F,POTHOLE,Road Defect,91.0%,High,3,BUS-WEBCAM-LIVE,ROUTE-LIVE-01,12.970814,77.593022,Public Works Department (PWD) - Road Maintenance Division,DISPATCHED_TO_CONTRACTOR,₹4500,Cold-mix asphalt patching and compaction required.,webcam_1790084300_pothole.jpg,2026-09-22T13:38:20.321297+00:00
EVT-20260922133819-9626,PWD-2026-3N0L,POTHOLE,Road Defect,85.0%,High,1,BUS-WEBCAM-LIVE,ROUTE-LIVE-01,12.973865,77.595039,Public Works Department (PWD) - Road Maintenance Division,DISPATCHED_TO_CONTRACTOR,₹4500,Cold-mix asphalt patching and compaction required.,webcam_1790084299_waterlogging.jpg,2026-09-22T13:38:19.924652+00:00
EVT-20260922133819-3750,PWD-2026-59FV,POTHOLE,Road Defect,85.0%,High,1,BUS-WEBCAM-LIVE,ROUTE-LIVE-01,12.974441,77.593662,Public Works Department (PWD) - Road Maintenance Division,DISPATCHED_TO_CONTRACTOR,₹4500,Cold-mix asphalt patching and compaction required.,webcam_1790084299_waterlogging.jpg,2026-09-22T13:38:19.916475+00:00
EVT-20260922133819-7377,PWD-2026-9WR8,POTHOLE,Road Defect,88.0%,High,2,BUS-WEBCAM-LIVE,ROUTE-LIVE-01,12.973191,77.59355,Public Works Department (PWD) - Road Maintenance Division,DISPATCHED_TO_CONTRACTOR,₹4500,Cold-mix asphalt patching and compaction required.,webcam_1790084299_waterlogging.jpg,2026-09-22T13:38:19.522560+00:00
EVT-20260922133819-1523,PWD-2026-XO63,POTHOLE,Road Defect,88.0%,High,2,BUS-WEBCAM-LIVE,ROUTE-LIVE-01,12.973685,77.595746,Public Works Department (PWD) - Road Maintenance Division,DISPATCHED_TO_CONTRACTOR,₹4500,Cold-mix asphalt patching and compaction required.,webcam_1790084299_pothole.jpg,2026-09-22T13:38:19.512263+00:00
EVT-20260922133819-3045,PWD-2026-906L,POTHOLE,Road Defect,94.0%,High,4,BUS-WEBCAM-LIVE,ROUTE-LIVE-01,12.970749,77.593424,Public Works Department (PWD) - Road Maintenance Division,DISPATCHED_TO_CONTRACTOR,₹4500,Cold-mix asphalt patching and compaction required.,webcam_1790084299_pothole.jpg,2026-09-22T13:38:19.501363+00:00
EVT-20260922133819-8302,PWD-2026-MYEM,POTHOLE,Road Defect,85.0%,High,1,BUS-WEBCAM-LIVE,ROUTE-LIVE-01,12.968851,77.592983,Public Works Department (PWD) - Road Maintenance Division,DISPATCHED_TO_CONTRACTOR,₹4500,Cold-mix asphalt patching and compaction required.,webcam_1790084299_waterlogging.jpg,2026-09-22T13:38:19.129539+00:00
EVT-20260922133819-8707,PWD-2026-W0IO,POTHOLE,Road Defect,88.0%,High,2,BUS-WEBCAM-LIVE,ROUTE-LIVE-01,12.974268,77.596628,Public Works Department (PWD) - Road Maintenance Division,DISPATCHED_TO_CONTRACTOR,₹4500,Cold-mix asphalt patching and compaction required.,webcam_1790084299_waterlogging.jpg,2026-09-22T13:38:19.118403+00:00
EVT-20260922133819-3736,PWD-2026-TYIL,POTHOLE,Road Defect,85.0%,High,1,BUS-WEBCAM-LIVE,ROUTE-LIVE-01,12.969045,77.597083,Public Works Department (PWD) - Road Maintenance Division,DISPATCHED_TO_CONTRACTOR,₹4500,Cold-mix asphalt patching and compaction required.,webcam_1790084299_pothole.jpg,2026-09-22T13:38:19.105559+00:00
EVT-20260922133819-5824,PWD-2026-05YO,POTHOLE,Road Defect,88.0%,High,2,BUS-WEBCAM-LIVE,ROUTE-LIVE-01,12.97116,77.595347,Public Works Department (PWD) - Road Maintenance Division,DISPATCHED_TO_CONTRACTOR,₹4500,Cold-mix asphalt patching and compaction required.,webcam_1790084299_pothole.jpg,2026-09-22T13:38:19.093298+00:00
EVT-20260922133818-2798,PWD-2026-ZUMU,POTHOLE,Road Defect,85.0%,High,1,BUS-WEBCAM-LIVE,ROUTE-LIVE-01,12.974361,77.595674,Public Works Department (PWD) - Road Maintenance Division,DISPATCHED_TO_CONTRACTOR,₹4500,Cold-mix asphalt patching and compaction required.,webcam_1790084298_pothole.jpg,2026-09-22T13:38:18.650417+00:00
EVT-20260922133818-8041,PWD-2026-IKPJ,POTHOLE,Road Defect,85.0%,High,1,BUS-WEBCAM-LIVE,ROUTE-LIVE-01,12.973978,77.59234,Public Works Department (PWD) - Road Maintenance Division,DISPATCHED_TO_CONTRACTOR,₹4500,Cold-mix asphalt patching and compaction required.,webcam_1790084298_pothole.jpg,2026-09-22T13:38:18.642222+00:00
EVT-20260922133818-7711,PWD-2026-9AUT,POTHOLE,Road Defect,85.0%,High,1,BUS-WEBCAM-LIVE,ROUTE-LIVE-01,12.969657,77.597422,Public Works Department (PWD) - Road Maintenance Division,DISPATCHED_TO_CONTRACTOR,₹4500,Cold-mix asphalt patching and compaction required.,webcam_1790084298_waterlogging.jpg,2026-09-22T13:38:18.244113+00:00
EVT-20260922133818-2408,PWD-2026-7GRV,POTHOLE,Road Defect,85.0%,High,1,BUS-WEBCAM-LIVE,ROUTE-LIVE-01,12.971279,77.594308,Public Works Department (PWD) - Road Maintenance Division,DISPATCHED_TO_CONTRACTOR,₹4500,Cold-mix asphalt patching and compaction required.,webcam_1790084298_pothole.jpg,2026-09-22T13:38:18.233667+00:00
EVT-20260922133818-4720,PWD-2026-LAFI,POTHOLE,Road Defect,88.0%,High,2,BUS-WEBCAM-LIVE,ROUTE-LIVE-01,12.972077,77.592914,Public Works Department (PWD) - Road Maintenance Division,DISPATCHED_TO_CONTRACTOR,₹4500,Cold-mix asphalt patching and compaction required.,webcam_1790084298_pothole.jpg,2026-09-22T13:38:18.221785+00:00
EVT-20260922133817-6495,PWD-2026-GLB3,POTHOLE,Road Defect,85.0%,High,1,BUS-WEBCAM-LIVE,ROUTE-LIVE-01,12.973699,77.594649,Public Works Department (PWD) - Road Maintenance Division,DISPATCHED_TO_CONTRACTOR,₹4500,Cold-mix asphalt patching and compaction required.,webcam_1790084297_waterlogging.jpg,2026-09-22T13:38:17.885451+00:00
EVT-20260922133817-1126,PWD-2026-G255,POTHOLE,Road Defect,88.0%,High,2,BUS-WEBCAM-LIVE,ROUTE-LIVE-01,12.970607,77.59381,Public Works Department (PWD) - Road Maintenance Division,DISPATCHED_TO_CONTRACTOR,₹4500,Cold-mix asphalt patching and compaction required.,webcam_1790084297_pothole.jpg,2026-09-22T13:38:17.878284+00:00
EVT-20260922133817-8024,PWD-2026-QT5T,POTHOLE,Road Defect,85.0%,High,1,BUS-WEBCAM-LIVE,ROUTE-LIVE-01,12.968964,77.592164,Public Works Department (PWD) - Road Maintenance Division,DISPATCHED_TO_CONTRACTOR,₹4500,Cold-mix asphalt patching and compaction required.,webcam_1790084297_pothole.jpg,2026-09-22T13:38:17.865834+00:00
